t,nArrived,meanWaitingTime,meanTimeLoss,meanTravelTime
-1,716,1095.8966480446927,1139.15974860335,1237.481843575419
57662,1,0.0,6.77,56.0
57690,1,0.0,9.04,50.0
57706,1,40.0,53.27,94.0
57708,1,3.0,28.03,105.0
57743,1,20.0,27.17,47.0
57745,2,5.5,19.115000000000002,76.5
57755,1,0.0,17.63,86.0
57760,2,38.5,61.55500000000001,122.0
57763,1,0.0,15.16,107.0
57765,1,18.0,26.3,58.0
57769,2,36.0,48.19,106.0
57770,1,0.0,6.62,34.0
57791,1,36.0,50.66,144.0
57794,1,0.0,5.1,45.0
57798,1,74.0,99.51,186.0
57804,1,76.0,109.31,192.0
57807,1,9.0,32.27,156.0
57809,1,67.0,98.01,178.0
57811,3,31.666666666666668,53.346666666666664,156.66666666666666
57812,1,57.0,80.44,154.0
57815,1,0.0,8.08,86.0
57817,1,0.0,8.45,74.0
57819,1,23.0,36.66,106.0
57820,1,48.0,71.52,198.0
57827,1,58.0,78.19,210.0
57832,1,24.0,45.66,189.0
57834,1,0.0,7.97,88.0
57837,1,48.0,65.49,172.0
57841,1,0.0,11.24,106.0
57846,1,35.0,53.11,172.0
57851,1,30.0,51.51,187.0
57852,1,7.0,16.83,38.0
57854,2,31.5,52.905,137.5
57857,2,38.5,63.97,185.0
57859,3,37.666666666666664,65.60666666666667,176.33333333333334
57861,1,47.0,74.78,214.0
57862,1,31.0,48.74,150.0
57866,1,37.0,73.64,244.0
57867,1,8.0,48.85,167.0
57871,2,21.0,47.025,175.0
57881,1,31.0,46.15,107.0
57884,1,0.0,6.28,72.0
57887,1,5.0,32.91,122.0
57888,1,0.0,14.29,121.0
57890,1,0.0,20.14,149.0
57892,1,43.0,73.19,218.0
57894,1,59.0,103.66,248.0
57896,2,27.5,64.09,187.5
57897,2,22.5,49.56,149.5
57898,1,52.0,89.7,231.0
57899,1,0.0,3.88,15.0
57900,1,50.0,94.42,230.0
57901,2,53.0,77.42500000000001,192.0
57902,2,58.0,84.96,203.5
57903,3,28.333333333333332,55.30666666666667,189.0
57905,3,48.333333333333336,84.16,228.0
57909,2,75.5,104.395,264.0
57912,2,49.0,78.1,249.5
57914,1,23.0,46.76,279.0
57918,1,42.0,63.65,242.0
57919,1,81.0,111.06,305.0
57920,2,43.0,93.18,239.5
57922,1,64.0,171.59,299.0
57923,1,77.0,122.62,317.0
57924,1,94.0,186.2,318.0
57925,1,60.0,151.73,291.0
57927,1,76.0,147.49,298.0
57929,2,80.5,118.71000000000001,276.0
57930,1,38.0,59.09,96.0
57931,2,84.0,108.755,252.0
57933,2,77.5,101.985,255.5
57934,2,51.0,78.995,227.0
57935,1,27.0,47.62,170.0
57936,1,66.0,105.08,245.0
57939,3,37.0,62.71333333333333,194.33333333333334
57940,1,106.0,138.3,258.0
57941,1,39.0,84.33,215.0
57942,2,51.0,94.19,215.0
57946,1,76.0,100.27,154.0
57948,1,125.0,169.29,318.0
57949,2,62.0,90.92,189.0
57954,1,115.0,157.43,316.0
57958,1,0.0,14.91,95.0
57964,1,63.0,95.31,281.0
57965,1,0.0,27.17,206.0
57968,1,82.0,106.25,289.0
57971,2,37.5,48.845,94.5
57973,2,45.0,75.86500000000001,252.5
57974,1,3.0,11.34,21.0
57976,1,40.0,111.66,295.0
57977,1,67.0,144.6,332.0
57981,1,7.0,41.9,142.0
57982,1,77.0,97.86,180.0
57987,1,47.0,80.97,226.0
57989,3,15.666666666666666,29.326666666666664,105.0
57990,1,145.0,217.23,358.0
57991,1,0.0,21.42,121.0
57994,1,80.0,122.33,353.0
57995,3,80.0,107.27666666666666,267.0
57997,1,41.0,97.37,228.0
57998,2,108.0,186.635,369.0
57999,1,69.0,107.13,266.0
58000,2,19.5,62.485,228.5
58001,1,44.0,76.3,340.0
58002,4,42.75,75.575,248.0
58003,1,65.0,88.88,217.0
58005,3,49.666666666666664,86.09333333333332,225.33333333333334
58006,3,82.33333333333333,117.08333333333333,266.0
58007,1,0.0,8.13,83.0
58013,1,76.0,99.9,255.0
58019,2,56.5,96.755,232.5
58020,2,82.0,109.33500000000001,263.5
58022,2,67.0,107.33,251.0
58023,3,61.333333333333336,93.49333333333334,301.3333333333333
58024,2,46.5,82.665,258.0
58025,1,46.0,85.33,203.0
58026,3,52.666666666666664,82.54666666666667,225.33333333333334
58027,2,59.5,92.72,238.0
58028,3,29.666666666666668,57.56666666666667,170.33333333333334
58029,1,138.0,211.32,351.0
58030,1,136.0,205.82,346.0
58033,2,77.5,105.135,205.5
58034,1,105.0,153.08,331.0
58035,1,134.0,195.44,348.0
58036,1,47.0,65.08,214.0
58040,1,105.0,139.49,343.0
58043,2,108.0,149.255,305.5
58044,1,85.0,122.11,261.0
58046,1,99.0,127.32,314.0
58048,1,65.0,105.6,253.0
58050,1,84.0,117.83,368.0
58054,1,89.0,121.84,299.0
58059,1,46.0,100.64,231.0
58061,1,0.0,7.02,73.0
58063,1,47.0,66.56,147.0
58064,2,52.0,89.88,166.0
58066,3,51.666666666666664,94.68,226.33333333333334
58068,3,66.33333333333333,110.35000000000001,248.33333333333334
58069,2,8.0,26.785000000000004,125.0
58070,1,11.0,42.87,146.0
58071,1,10.0,47.11,225.0
58072,1,136.0,182.32,301.0
58074,2,106.0,147.135,246.0
58076,2,121.0,218.66,350.0
58077,2,35.0,54.675000000000004,208.5
58078,2,61.0,104.4,226.5
58080,2,25.5,43.78,149.5
58081,1,62.0,85.5,194.0
58082,2,43.0,70.125,247.0
58083,3,104.0,159.88,302.6666666666667
58085,1,108.0,163.72,335.0
58086,1,183.0,273.7,451.0
58087,3,97.0,135.26666666666665,296.6666666666667
58088,2,114.0,180.82999999999998,341.5
58089,1,57.0,116.57,238.0
58090,1,82.0,102.68,223.0
58091,2,64.0,85.57,243.0
58092,1,93.0,117.3,234.0
58093,1,87.0,110.3,238.0
58094,2,102.5,143.385,283.0
58095,3,64.33333333333333,111.57333333333332,256.6666666666667
58096,1,18.0,46.01,252.0
58097,4,78.25,129.1925,289.5
58098,1,132.0,221.82,368.0
58099,2,79.0,128.39499999999998,301.0
58100,2,78.0,139.185,315.0
58101,1,67.0,114.39,248.0
58102,1,130.0,204.8,369.0
58103,1,128.0,219.47,367.0
58104,1,10.0,45.68,189.0
58105,1,0.0,18.45,199.0
58110,2,53.0,72.275,195.5
58111,2,71.0,95.94999999999999,262.0
58112,2,58.5,100.89,254.5
58113,1,145.0,170.71,345.0
58115,3,73.66666666666667,100.02333333333333,236.66666666666666
58116,1,61.0,94.95,213.0
58117,3,65.33333333333333,93.89666666666666,206.66666666666666
58118,1,68.0,90.82,231.0
58119,1,45.0,83.54,198.0
58120,2,36.5,55.32,137.5
58121,2,61.5,111.61500000000001,239.0
58124,2,76.5,117.68,272.0
58125,1,50.0,80.18,189.0
58126,2,52.5,106.53999999999999,248.0
58128,1,15.0,52.76,191.0
58129,1,29.0,60.6,184.0
58130,2,41.5,73.53,180.5
58131,3,47.666666666666664,86.07000000000001,212.66666666666666
58133,1,14.0,63.5,185.0
58134,1,31.0,86.2,288.0
58136,1,7.0,51.55,180.0
58138,1,23.0,65.53,289.0
58139,1,0.0,23.58,65.0
58141,1,0.0,21.92,157.0
58150,2,79.5,114.53,248.0
58151,1,34.0,48.18,139.0
58152,1,37.0,80.51,209.0
58153,1,0.0,20.53,121.0
58154,1,45.0,80.3,349.0
58155,1,127.0,181.57,342.0
58156,3,53.666666666666664,102.32333333333332,225.0
58157,1,146.0,187.81,371.0
58160,1,119.0,169.56,368.0
58164,2,32.0,61.44,159.5
58168,1,12.0,64.16,210.0
58170,1,131.0,186.91,423.0
58172,1,92.0,119.37,288.0
58173,1,39.0,89.83,239.0
58174,1,85.0,119.28,284.0
58175,2,71.5,133.85,319.5
58177,1,116.0,153.99,351.0
58178,1,9.0,22.26,74.0
58179,2,27.5,49.4,142.0
58181,2,62.0,99.91,233.0
58182,1,45.0,91.82,233.0
58183,3,87.33333333333333,128.47,283.0
58185,4,75.5,119.91000000000001,270.25
58186,3,108.66666666666667,183.42999999999998,354.6666666666667
58187,1,0.0,11.43,136.0
58188,3,94.33333333333333,175.54666666666665,336.6666666666667
58189,1,193.0,262.76,394.0
58190,2,134.5,215.29000000000002,385.0
58193,1,0.0,4.59,14.0
58198,1,38.0,64.9,246.0
58199,2,18.5,35.315,133.5
58200,2,142.0,201.91500000000002,370.0
58201,2,165.5,236.45499999999998,412.5
58202,2,120.5,149.51999999999998,301.5
58204,3,88.0,120.8,279.3333333333333
58205,2,87.0,122.175,260.5
58206,1,75.0,104.33,264.0
58207,1,75.0,118.93,255.0
58208,2,85.5,117.25,252.0
58209,1,71.0,108.86,261.0
58210,2,80.5,130.51500000000001,294.5
58211,1,73.0,103.46,244.0
58212,3,70.66666666666667,124.33333333333333,286.3333333333333
58214,2,161.0,223.565,368.5
58215,1,81.0,126.07,288.0
58216,3,128.0,173.5533333333333,315.6666666666667
58217,2,186.0,250.64999999999998,397.0
58218,2,162.5,219.715,356.5
58219,1,66.0,141.24,283.0
58220,2,75.5,130.28,311.0
58225,1,125.0,193.01,332.0
58226,2,148.0,201.575,354.5
58227,1,293.0,353.46,493.0
58233,1,89.0,134.12,258.0
58240,1,0.0,5.61,30.0
58241,4,39.0,70.4175,196.75
58243,1,54.0,70.58,115.0
58245,1,108.0,145.97,256.0
58246,2,176.0,240.82,413.5
58249,1,110.0,162.78,391.0
58251,2,48.5,80.18,149.5
58253,1,41.0,63.06,145.0
58254,1,77.0,105.33,270.0
58257,2,48.5,76.7,288.5
58258,1,37.0,62.0,139.0
58259,2,8.0,17.01,67.0
58260,2,75.0,124.585,269.5
58261,1,160.0,213.68,418.0
58262,1,56.0,96.78,200.0
58263,1,175.0,242.63,423.0
58264,2,72.5,122.925,273.5
58265,3,91.66666666666667,135.62333333333333,273.0
58266,2,68.0,116.4,246.0
58267,3,87.33333333333333,136.98333333333332,318.0
58268,3,52.333333333333336,84.05,237.0
58269,1,144.0,168.02,321.0
58270,4,77.5,124.55,276.5
58271,3,64.0,121.15666666666668,302.0
58272,1,80.0,133.8,328.0
58273,1,120.0,151.22,308.0
58274,4,74.0,118.96249999999999,291.5
58276,3,75.33333333333333,136.06333333333333,280.3333333333333
58277,3,47.666666666666664,91.53000000000002,248.0
58278,2,85.5,141.88,311.0
58279,2,38.5,106.69,248.5
58280,3,68.0,105.91333333333334,282.0
58281,2,12.5,29.185000000000002,167.5
58282,3,75.33333333333333,134.72666666666666,335.3333333333333
58283,2,65.0,110.075,299.5
58284,1,31.0,92.66,266.0
58288,1,24.0,76.33,274.0
58289,1,81.0,150.91,271.0
58291,3,96.66666666666667,136.39333333333332,262.3333333333333
58292,1,133.0,170.77,339.0
58293,2,62.5,84.21000000000001,205.5
58296,2,107.5,148.38,317.5
58297,1,84.0,117.48,309.0
58298,1,109.0,166.12,334.0
58299,3,77.33333333333333,125.23,281.0
58301,1,34.0,93.07,187.0
58302,1,111.0,161.83,311.0
58303,1,337.0,428.15,544.0
58304,2,25.5,61.285,144.0
58305,1,82.0,137.53,300.0
58307,1,47.0,114.15,366.0
58308,1,77.0,127.35,289.0
58310,1,8.0,34.08,193.0
58311,1,51.0,133.38,301.0
58312,2,74.0,116.065,307.0
58313,1,49.0,141.75,291.0
58318,1,78.0,115.29,264.0
58319,1,26.0,83.79,234.0
58320,1,65.0,120.82,245.0
58324,1,62.0,83.85,199.0
58327,2,74.0,109.255,251.0
58329,1,31.0,46.75,98.0
58330,1,36.0,50.71,132.0
58331,3,18.333333333333332,30.423333333333336,58.666666666666664
58333,2,42.0,64.00999999999999,175.0
58335,3,12.333333333333334,43.73666666666667,141.66666666666666
58336,2,62.0,96.5,266.0
58337,2,141.0,183.5,330.5
58338,2,45.5,74.185,188.0
58339,1,91.0,115.2,288.0
58341,1,25.0,44.34,216.0
58342,3,71.0,128.50666666666666,290.6666666666667
58344,1,80.0,141.28,309.0
58346,1,59.0,109.18,286.0
58348,1,0.0,51.15,214.0
58349,1,58.0,94.12,249.0
58350,2,54.5,79.29499999999999,194.5
58351,1,48.0,75.48,222.0
58353,1,106.0,141.37,297.0
58354,1,130.0,160.85,288.0
58355,1,60.0,102.37,188.0
58356,2,88.5,127.17999999999999,290.5
58357,1,128.0,195.66,376.0
58358,1,236.0,300.72,506.0
58359,1,15.0,39.84,85.0
58360,2,67.0,93.805,240.0
58361,1,33.0,68.88,192.0
58362,2,66.5,95.03999999999999,197.5
58363,2,36.5,58.089999999999996,188.5
58364,1,89.0,116.23,305.0
58365,2,80.0,106.275,261.0
58366,3,67.33333333333333,109.29333333333334,262.0
58367,1,0.0,3.44,29.0
58368,2,49.5,100.44,281.5
58369,3,75.0,116.05333333333333,271.3333333333333
58370,7,53.714285714285715,86.88285714285715,250.14285714285714
58371,1,105.0,192.06,321.0
58372,5,50.0,94.176,245.0
58373,2,89.0,140.29,296.5
58374,2,39.5,78.63499999999999,221.0
58375,3,83.33333333333333,122.93333333333334,275.3333333333333
58376,1,16.0,47.81,154.0
58377,1,0.0,16.38,124.0
58380,2,69.5,110.5,255.0
58381,2,30.5,66.58,167.5
58383,1,52.0,72.63,254.0
58387,1,43.0,86.45,265.0
58388,1,140.0,217.76,410.0
58389,2,49.5,85.42500000000001,250.5
58390,2,89.5,137.44,242.5
58391,3,47.666666666666664,101.79666666666667,266.0
58393,1,31.0,83.88,301.0
58394,2,90.0,130.12,277.0
58397,1,93.0,139.86,298.0
58398,1,104.0,172.1,345.0
58399,2,64.0,117.53999999999999,280.5
58401,1,103.0,160.87,364.0
58402,1,85.0,123.9,344.0
58403,1,288.0,355.64,492.0
58404,2,71.0,140.39,315.0
58407,1,300.0,376.74,595.0
58410,2,237.5,305.925,462.0
58411,1,90.0,125.57,248.0
58412,2,99.0,140.5,296.0
58414,1,110.0,185.32,336.0
58415,1,113.0,188.62,392.0
58417,1,56.0,71.14,89.0
58418,1,91.0,124.9,273.0
58419,2,40.5,84.285,264.5
58420,1,40.0,55.98,134.0
58421,1,36.0,52.79,145.0
58422,1,0.0,17.93,129.0
58423,1,35.0,51.89,140.0
58425,4,44.25,68.775,202.25
58426,3,129.0,163.24,266.3333333333333
58428,2,28.0,49.849999999999994,168.5
58429,3,130.33333333333334,163.20333333333335,315.0
58430,1,39.0,58.18,212.0
58431,1,88.0,134.43,284.0
58433,2,57.5,83.7,252.5
58434,1,66.0,102.38,252.0
58436,1,110.0,146.76,386.0
58437,2,65.0,115.45,285.5
58438,1,38.0,56.7,144.0
58439,1,41.0,71.1,156.0
58440,1,105.0,138.9,298.0
58441,4,74.25,111.94749999999999,232.5
58442,1,100.0,157.37,294.0
58443,1,89.0,129.97,258.0
58445,1,295.0,384.26,581.0
58446,1,103.0,155.76,364.0
58448,2,100.5,133.29500000000002,306.0
58449,2,37.5,70.75,171.5
58450,2,88.0,118.79,290.5
58451,2,43.5,77.705,287.5
58452,6,78.66666666666667,121.925,279.0
58453,1,73.0,120.9,247.0
58454,3,25.666666666666668,51.54666666666666,154.66666666666666
58455,1,46.0,73.55,272.0
58456,4,50.25,98.87,256.75
58457,3,92.33333333333333,142.83666666666667,292.0
58458,1,73.0,106.99,239.0
58459,4,66.5,107.815,254.75
58460,1,27.0,45.01,183.0
58461,3,67.0,123.27666666666669,274.6666666666667
58462,2,77.5,138.0,280.0
58464,1,20.0,42.97,164.0
58465,1,123.0,204.36,380.0
58466,3,15.666666666666666,30.25,84.66666666666667
58470,1,179.0,221.55,400.0
58472,1,159.0,212.26,406.0
58477,1,49.0,85.09,202.0
58478,1,110.0,148.39,194.0
58481,2,134.5,200.685,377.5
58483,2,72.5,142.655,320.0
58484,1,71.0,116.9,198.0
58485,1,118.0,210.11,394.0
58486,1,103.0,174.31,303.0
58487,1,0.0,18.09,99.0
58489,2,260.5,328.49,475.5
58491,1,83.0,145.45,298.0
58492,3,49.0,88.81666666666666,198.66666666666666
58493,1,438.0,522.06,710.0
58494,2,36.5,59.125,135.5
58497,1,58.0,114.6,285.0
58498,1,63.0,93.35,227.0
58499,1,148.0,218.24,386.0
58500,1,56.0,122.35,291.0
58503,2,3.5,34.3,179.0
58505,1,1.0,22.88,155.0
58507,1,128.0,209.37,425.0
58509,2,89.0,157.115,339.0
58510,1,29.0,44.54,104.0
58512,1,26.0,38.89,103.0
58514,1,30.0,50.75,134.0
58515,1,108.0,155.84,310.0
58516,2,4.5,23.825,103.0
58517,2,32.5,61.114999999999995,174.5
58518,2,162.5,207.275,350.0
58520,1,0.0,6.17,60.0
58521,1,338.0,415.01,544.0
58522,2,76.0,119.5,299.0
58523,1,0.0,26.22,141.0
58525,2,229.5,288.88,490.5
58526,1,409.0,515.65,668.0
58527,2,84.5,113.53,282.5
58528,2,216.5,285.545,451.0
58530,2,58.0,93.06,296.0
58532,1,128.0,214.15,444.0
58533,1,0.0,17.19,81.0
58535,1,9.0,29.53,102.0
58536,4,89.5,127.535,321.25
58537,3,79.0,138.20000000000002,316.3333333333333
58538,1,20.0,39.47,202.0
58539,2,80.5,120.61999999999999,306.5
58541,2,89.0,145.965,324.0
58542,3,82.33333333333333,110.68666666666667,275.3333333333333
58543,3,64.0,126.60666666666667,308.6666666666667
58544,3,81.33333333333333,144.09333333333333,297.0
58546,2,56.0,114.58,267.5
58547,1,90.0,115.35,271.0
58548,1,10.0,42.09,274.0
58549,1,42.0,71.17,253.0
58550,2,56.5,86.195,254.5
58552,3,22.333333333333332,43.593333333333334,153.33333333333334
58553,2,110.0,160.76,323.0
58558,1,78.0,141.33,240.0
58559,1,76.0,110.25,282.0
58560,2,51.5,67.22,144.0
58561,2,67.0,105.17999999999999,303.5
58563,2,299.5,373.94,506.5
58564,1,49.0,79.67,216.0
58565,3,234.0,293.2233333333333,410.3333333333333
58566,1,53.0,87.52,275.0
58567,1,129.0,249.89,398.0
58568,1,147.0,218.5,350.0
58569,1,80.0,140.39,266.0
58570,1,141.0,209.41,346.0
58571,2,54.5,80.485,178.0
58572,1,0.0,13.09,161.0
58573,1,62.0,130.32,333.0
58574,1,60.0,144.37,326.0
58575,1,127.0,188.69,348.0
58576,1,48.0,82.95,199.0
58577,1,106.0,168.75,309.0
58578,1,67.0,115.78,312.0
58579,3,32.333333333333336,66.94333333333333,192.66666666666666
58580,1,101.0,136.05,250.0
58582,1,47.0,98.6,258.0
58584,1,25.0,56.17,102.0
58585,1,79.0,101.3,227.0
58586,1,35.0,52.77,158.0
58591,1,160.0,213.65,431.0
58592,2,35.0,80.895,234.5
58594,1,0.0,27.14,191.0
58597,1,126.0,229.16,434.0
58598,2,107.0,176.785,335.5
58599,1,13.0,53.67,219.0
58600,1,131.0,191.86,365.0
58601,4,25.5,45.212500000000006,176.75
58602,3,32.333333333333336,65.05333333333333,166.66666666666666
58603,2,69.0,89.74,162.0
58604,1,71.0,91.41,140.0
58605,2,31.5,60.765,172.5
58606,1,50.0,64.8,140.0
58607,2,89.5,121.19,225.5
58608,1,51.0,89.15,175.0
58609,2,206.5,270.84499999999997,470.0
58610,2,61.0,92.37,227.5
58611,2,56.0,81.59,158.5
58612,1,92.0,154.31,285.0
58614,3,58.333333333333336,93.74666666666667,247.33333333333334
58616,2,37.0,73.185,260.5
58618,2,45.5,101.02,231.0
58619,2,64.0,111.68,254.0
58620,1,44.0,79.43,230.0
58621,1,24.0,67.44,210.0
58622,2,65.5,110.34,267.5
58625,1,137.0,192.65,363.0
58627,3,78.33333333333333,107.99000000000001,247.33333333333334
58628,2,43.5,69.345,168.5
58629,2,72.0,94.625,224.5
58630,3,58.333333333333336,87.74333333333334,187.66666666666666
58632,3,50.333333333333336,75.64,210.33333333333334
58634,2,36.0,61.96,212.0
58636,1,39.0,89.07,230.0
58637,1,67.0,98.87,253.0
58638,1,118.0,147.76,321.0
58639,2,27.0,54.835,128.0
58640,1,63.0,116.67,251.0
58641,1,65.0,102.49,309.0
58642,2,72.0,115.47,315.0
58643,1,48.0,73.34,219.0
58645,1,9.0,47.6,174.0
58646,1,25.0,41.38,187.0
58648,1,138.0,184.89,285.0
58649,1,0.0,4.04,27.0
58650,2,69.0,87.27,188.0
58651,2,53.5,73.515,222.5
58652,1,13.0,36.11,110.0
58653,1,599.0,710.04,852.0
58655,1,585.0,707.71,851.0
58661,1,88.0,151.75,379.0
58662,2,98.0,152.91500000000002,383.0
58663,2,82.5,122.535,292.0
58665,1,0.0,7.44,40.0
58666,1,25.0,54.82,182.0
58667,2,98.5,141.325,326.5
58668,1,43.0,62.42,162.0
58669,1,2.0,34.92,173.0
58671,1,96.0,130.25,250.0
58672,2,70.5,115.47,286.5
58674,2,87.0,126.715,281.0
58678,1,69.0,124.61,357.0
58683,1,126.0,159.11,314.0
58684,1,57.0,90.04,194.0
58685,1,123.0,171.28,310.0
58686,1,83.0,135.26,263.0
58688,2,93.5,123.455,245.0
58689,1,48.0,57.17,126.0
58690,1,39.0,50.54,118.0
58697,1,458.0,556.82,742.0
58699,3,184.66666666666666,233.31666666666663,400.0
58700,1,43.0,70.11,199.0
58701,1,78.0,114.76,308.0
58702,2,75.5,112.53,260.0
58703,2,39.0,95.71,181.5
58705,2,65.0,136.1,274.5
58707,2,49.5,85.35499999999999,223.5
58708,2,85.0,123.17999999999999,258.5
58709,2,61.0,111.32000000000001,278.5
58710,4,73.25,109.44,228.25
58711,1,35.0,81.16,209.0
58712,3,84.66666666666667,112.11,229.33333333333334
58714,1,115.0,165.69,296.0
58715,1,59.0,94.97,189.0
58716,1,105.0,144.08,295.0
58717,2,100.5,161.095,348.0
58718,1,100.0,142.51,293.0
58719,1,98.0,151.52,338.0
58720,2,54.0,100.91000000000001,270.5
58721,2,66.5,107.69500000000001,257.0
58722,2,66.5,93.82,190.0
58723,3,96.0,154.34,305.6666666666667
58724,1,0.0,7.32,77.0
58725,2,65.0,110.965,273.5
58726,1,160.0,216.42,384.0
58727,2,23.5,63.425,213.5
58728,2,45.5,68.66,207.5
58729,2,10.0,31.03,93.0
58730,1,82.0,139.9,378.0
58731,2,87.5,143.455,304.0
58732,1,0.0,13.49,165.0
58734,2,41.0,85.77,243.0
58737,2,78.5,109.355,283.0
58739,1,16.0,52.81,178.0
58741,3,299.6666666666667,374.24666666666667,520.3333333333334
58742,1,40.0,71.66,257.0
58744,1,88.0,123.87,303.0
58745,1,118.0,152.26,302.0
58747,1,30.0,49.94,179.0
58750,1,653.0,756.42,943.0
58751,2,41.5,73.245,204.0
58753,2,25.0,51.39,186.5
58756,1,104.0,142.3,350.0
58758,2,234.0,321.14,559.5
58760,1,90.0,124.16,248.0
58762,1,16.0,56.12,195.0
58763,2,224.5,286.33500000000004,444.0
58766,1,11.0,33.67,145.0
58767,1,133.0,187.83,383.0
58768,1,0.0,17.71,104.0
58771,1,26.0,70.99,199.0
58773,2,36.0,53.655,174.5
58774,1,70.0,119.95,260.0
58775,1,35.0,44.37,66.0
58777,1,63.0,75.82,94.0
58781,3,37.666666666666664,64.69333333333333,159.33333333333334
58782,1,29.0,61.89,170.0
58783,1,48.0,64.48,133.0
58785,1,58.0,77.14,131.0
58786,2,494.5,587.63,761.0
58788,2,80.0,129.865,254.5
58790,2,80.5,117.55499999999999,234.5
58791,1,38.0,105.74,315.0
58793,3,65.0,100.04666666666668,246.33333333333334
58795,2,90.5,122.995,246.5
58796,2,60.0,99.35,326.0
58797,1,39.0,61.91,163.0
58798,3,62.333333333333336,91.70666666666666,231.33333333333334
58799,1,19.0,44.65,128.0
58800,3,81.0,127.16666666666664,305.6666666666667
58801,1,41.0,65.83,161.0
58802,4,57.25,86.74749999999999,235.75
58804,3,54.0,90.65999999999998,218.66666666666666
58805,1,77.0,116.46,274.0
58806,5,76.6,129.046,275.2
58807,1,105.0,167.11,324.0
58808,3,43.0,89.97000000000001,251.66666666666666
58809,2,65.5,125.99,311.5
58810,2,61.5,87.0,231.0
58811,2,62.0,130.19,317.0
58813,2,91.0,133.265,269.5
58814,5,68.4,104.854,244.4
58816,3,66.33333333333333,111.14,263.6666666666667
58817,3,35.666666666666664,74.83,239.33333333333334
58818,3,26.333333333333332,69.69333333333333,230.0
58819,5,33.2,68.42799999999998,197.0
58820,2,25.0,79.955,216.5
58822,2,10.5,37.46,173.0
58824,2,21.5,47.730000000000004,206.0
58826,2,36.5,62.86,186.5
58829,1,67.0,93.01,236.0
58830,1,86.0,110.21,257.0
58831,1,65.0,83.46,160.0
58832,3,24.333333333333332,46.23666666666666,195.66666666666666
58833,1,9.0,27.61,60.0
58834,1,3.0,16.69,75.0
58835,2,373.0,473.53999999999996,603.0
58836,1,720.0,868.27,1020.0
58838,1,18.0,66.3,173.0
58839,1,31.0,62.46,262.0
58841,1,29.0,102.97,261.0
58847,1,97.0,129.49,248.0
58849,1,27.0,42.94,110.0
58852,1,85.0,119.01,242.0
58854,1,87.0,122.55,246.0
58856,2,75.5,118.13000000000001,223.5
58857,1,0.0,5.06,15.0
58858,2,30.5,63.325,190.5
58859,1,317.0,428.3,606.0
58860,2,68.5,126.96,297.5
58861,1,19.0,47.06,200.0
58862,1,101.0,161.77,430.0
58863,1,0.0,5.24,15.0
58864,1,20.0,66.11,204.0
58865,1,1.0,8.52,32.0
58870,4,26.25,47.325,163.0
58871,1,78.0,117.11,286.0
58872,1,43.0,58.2,120.0
58873,1,17.0,32.89,116.0
58874,1,36.0,50.25,115.0
58875,1,41.0,57.96,120.0
58876,3,205.0,259.93,390.0
58877,1,26.0,56.25,168.0
58878,3,238.0,307.37666666666667,480.3333333333333
58879,3,202.33333333333334,271.72333333333336,459.6666666666667
58880,3,36.666666666666664,65.78666666666668,166.0
58881,3,47.333333333333336,82.33333333333333,249.66666666666666
58882,1,11.0,45.07,131.0
58883,2,76.5,103.985,248.5
58884,2,64.5,119.94999999999999,340.5
58885,1,72.0,114.47,266.0
58886,1,122.0,183.4,374.0
58887,2,308.5,385.98,530.5
58888,1,42.0,103.46,303.0
58890,1,46.0,109.37,332.0
58891,1,130.0,179.07,318.0
58892,2,61.5,110.66,309.0
58894,1,42.0,66.99,234.0
58895,1,22.0,50.81,187.0
58896,1,100.0,140.43,304.0
58897,3,54.333333333333336,80.6,194.66666666666666
58898,2,48.0,88.435,254.0
58899,1,46.0,58.94,138.0
58900,4,83.0,125.355,262.25
58901,2,21.0,53.145,161.5
58902,2,116.5,185.6,351.0
58903,1,78.0,163.01,336.0
58904,2,57.5,92.86500000000001,228.5
58906,2,69.0,95.055,237.5
58910,1,42.0,69.25,269.0
58911,1,51.0,82.85,256.0
58912,1,0.0,8.25,92.0
58918,1,2.0,29.23,182.0
58920,4,78.5,108.3975,250.75
58921,1,33.0,58.79,212.0
58922,2,51.5,107.615,268.0
58923,2,38.0,62.535,225.5
58924,1,94.0,120.43,248.0
58926,1,98.0,132.18,246.0
58928,2,36.0,64.015,223.0
58929,1,18.0,65.07,191.0
58930,1,39.0,76.54,192.0
58932,1,41.0,86.59,201.0
58933,2,39.0,65.03,194.5
58935,1,390.0,501.58,756.0
58938,1,29.0,61.44,182.0
58942,1,52.0,82.68,243.0
58944,1,73.0,104.63,261.0
58946,2,80.0,121.6,256.5
58950,1,71.0,87.39,156.0
58955,2,60.5,96.725,230.5
58957,1,60.0,93.8,247.0
58958,1,121.0,200.77,308.0
58960,2,58.0,88.155,236.0
58961,1,36.0,51.65,131.0
58962,1,1.0,9.23,19.0
58963,2,21.0,35.595,129.0
58965,1,133.0,194.03,385.0
58966,2,467.5,557.485,674.0
58967,2,318.5,386.525,522.0
58968,2,37.0,70.88,225.5
58969,3,181.0,231.65666666666667,328.3333333333333
58970,1,91.0,136.1,291.0
58971,2,60.0,114.985,243.0
58972,1,30.0,56.72,165.0
58974,4,83.5,130.8425,276.75
58975,2,86.0,136.96,293.0
58976,3,67.66666666666667,118.35666666666667,311.3333333333333
58977,2,80.5,157.84,346.5
58978,1,49.0,81.57,232.0
58979,3,35.333333333333336,77.73666666666666,203.33333333333334
58980,2,51.5,99.68,239.0
58981,2,36.0,48.86,120.5
58982,1,38.0,57.95,221.0
58983,2,83.5,116.13,272.0
58984,1,41.0,66.58,229.0
58985,2,73.5,133.38,350.0
58986,1,0.0,6.82,72.0
58987,3,70.0,107.94,275.3333333333333
58989,1,131.0,196.8,394.0
58990,1,86.0,147.88,341.0
58991,1,48.0,90.38,241.0
58992,2,64.5,113.63,257.5
58995,2,54.0,76.17500000000001,241.0
58997,3,33.666666666666664,62.153333333333336,208.0
58998,1,14.0,43.81,182.0
58999,1,44.0,58.82,155.0
59000,2,77.0,114.76499999999999,315.5
59001,2,109.0,180.31,353.5
59003,3,59.0,100.58666666666666,220.33333333333334
59004,2,92.0,144.94,298.0
59005,1,7.0,42.84,186.0
59006,3,26.0,52.75333333333333,173.66666666666666
59007,1,0.0,13.55,105.0
59008,1,156.0,216.27,386.0
59009,2,24.5,46.265,212.0
59010,1,9.0,32.4,197.0
59011,4,60.75,86.6475,211.75
59012,1,146.0,196.37,379.0
59013,3,58.333333333333336,90.47333333333334,238.0
59014,1,89.0,156.86,346.0
59015,3,105.0,157.23666666666668,324.3333333333333
59016,2,21.0,69.55,222.0
59017,2,85.0,142.015,290.5
59018,2,75.5,123.28999999999999,298.0
59019,2,82.0,144.965,293.5
59020,1,74.0,123.17,276.0
59021,2,476.0,575.735,747.0
59024,1,82.0,124.02,330.0
59025,1,0.0,17.8,178.0
59027,1,101.0,131.86,260.0
59028,2,78.5,120.78,257.0
59029,1,48.0,93.89,396.0
59030,2,66.5,107.83,227.5
59031,1,18.0,46.58,246.0
59033,1,127.0,228.77,402.0
59034,1,96.0,141.72,364.0
59035,1,106.0,169.05,316.0
59036,2,39.0,82.035,182.5
59037,1,75.0,100.74,166.0
59038,1,24.0,63.07,175.0
59042,1,22.0,57.34,182.0
59044,1,37.0,115.5,261.0
59045,1,78.0,127.81,266.0
59046,2,86.0,142.755,355.5
59048,3,116.66666666666667,164.25333333333333,329.6666666666667
59051,2,65.0,92.5,197.0
59053,2,60.0,78.01,171.5
59054,1,32.0,45.48,129.0
59055,1,30.0,45.92,137.0
59056,2,40.5,74.23,159.5
59057,2,311.0,382.235,520.0
59059,2,45.5,65.42500000000001,147.0
59061,2,75.5,128.64,294.0
59062,1,33.0,75.76,254.0
59064,1,76.0,120.58,269.0
59065,2,72.5,117.17,318.5
59066,2,72.0,94.455,238.0
59067,2,22.5,52.81,147.0
59068,2,84.5,158.3,316.5
59069,1,44.0,91.46,230.0
59070,2,82.0,143.155,307.5
59071,1,89.0,125.55,292.0
59072,2,88.0,134.075,280.0
59073,2,21.0,48.754999999999995,238.0
59074,2,124.0,191.655,351.0
59075,4,50.5,78.125,186.25
59076,4,181.25,224.955,331.0
59077,5,50.2,90.188,237.8
59078,2,36.5,69.17,202.5
59079,1,210.0,307.81,454.0
59080,2,84.5,139.465,315.0
59081,3,121.66666666666667,170.76333333333332,328.6666666666667
59082,1,4.0,21.94,116.0
59083,3,107.0,159.30666666666667,310.0
59085,2,91.5,138.425,271.5
59086,1,660.0,768.26,903.0
59089,3,93.66666666666667,144.41666666666669,303.3333333333333
59090,1,47.0,78.23,251.0
59091,4,51.0,104.6175,231.5
59092,2,38.5,80.815,246.0
59093,1,54.0,76.95,247.0
59094,1,12.0,33.58,186.0
59096,1,0.0,17.16,163.0
59097,2,8.5,33.214999999999996,196.0
59099,1,76.0,125.24,293.0
59101,3,70.33333333333333,92.30333333333333,220.66666666666666
59102,1,102.0,131.94,259.0
59103,3,78.66666666666667,110.45666666666666,287.0
59104,1,71.0,94.86,265.0
59105,3,377.6666666666667,479.6933333333333,632.3333333333334
59106,1,93.0,127.85,248.0
59107,1,109.0,177.56,348.0
59109,2,105.0,166.70499999999998,338.5
59110,1,83.0,125.11,285.0
59111,1,115.0,187.37,358.0
59112,3,66.0,109.3,273.0
59113,2,76.0,135.38,275.5
59114,1,30.0,54.75,190.0
59115,3,37.333333333333336,59.919999999999995,181.0
59116,1,28.0,70.85,198.0
59117,1,27.0,55.13,180.0
59118,1,160.0,247.48,409.0
59119,1,965.0,1147.58,1291.0
59120,2,66.0,103.95,303.5
59122,3,62.0,108.41000000000001,247.33333333333334
59123,1,23.0,42.57,101.0
59124,1,61.0,118.64,374.0
59127,2,62.5,110.45,296.5
59128,1,25.0,44.89,116.0
59132,1,80.0,110.19,267.0
59133,1,61.0,103.84,330.0
59134,1,5.0,23.65,97.0
59136,2,33.0,69.89,186.0
59138,3,99.33333333333333,158.52333333333334,344.6666666666667
59139,1,58.0,81.96,244.0
59140,1,46.0,62.11,118.0
59141,1,38.0,51.98,133.0
59143,2,38.0,57.125,150.5
59144,1,30.0,35.91,43.0
59145,3,27.333333333333332,58.083333333333336,189.0
59146,1,48.0,83.39,174.0
59147,1,660.0,778.2,973.0
59151,2,23.5,73.06,184.0
59152,2,92.5,138.73,272.0
59153,1,110.0,161.64,355.0
59155,3,63.0,95.24333333333334,230.0
59156,3,63.0,106.0166666666667,281.3333333333333
59157,1,20.0,39.17,175.0
59159,3,314.6666666666667,363.63000000000005,486.3333333333333
59160,1,83.0,113.82,288.0
59161,2,50.0,90.815,263.0
59162,2,323.5,385.53000000000003,528.0
59163,2,74.0,114.61500000000001,290.0
59164,3,23.0,64.12666666666667,185.0
59165,3,114.0,154.11666666666665,332.3333333333333
59166,1,0.0,15.12,156.0
59167,3,77.33333333333333,122.57000000000001,274.3333333333333
59168,2,99.5,169.02499999999998,361.0
59169,2,46.0,96.745,214.0
59172,6,49.333333333333336,86.29333333333334,228.0
59173,1,92.0,132.47,256.0
59174,3,40.0,73.02,199.0
59175,2,142.5,199.475,397.5
59176,4,86.0,135.335,283.75
59177,1,53.0,96.39,289.0
59178,1,239.0,355.6,507.0
59179,3,29.0,56.97666666666667,194.33333333333334
59180,2,105.5,174.045,398.0
59181,2,59.0,84.515,249.5
59183,1,13.0,28.16,198.0
59188,2,28.5,56.290000000000006,217.0
59189,2,58.5,85.60499999999999,255.0
59190,1,97.0,152.61,308.0
59191,1,87.0,107.78,270.0
59192,1,97.0,124.62,250.0
59193,2,51.0,90.31,257.5
59194,3,102.33333333333333,153.92999999999998,302.3333333333333
59196,4,82.75,130.5425,313.5
59197,3,78.33333333333333,122.90333333333332,276.0
59198,4,78.0,142.0325,308.0
59199,2,587.5,706.235,859.0
59200,1,0.0,37.14,168.0
59201,4,59.25,89.70500000000001,211.75
59203,1,108.0,192.39,336.0
59205,2,67.5,119.985,302.5
59207,2,96.0,146.41000000000003,287.5
59209,2,293.5,375.22,457.5
59211,1,458.0,565.65,740.0
59214,1,105.0,155.95,356.0
59215,1,139.0,180.55,438.0
59217,1,79.0,121.94,264.0
59220,1,25.0,54.68,188.0
59221,1,45.0,100.88,216.0
59222,1,58.0,96.28,235.0
59223,1,10.0,23.76,100.0
59225,2,811.0,934.685,1094.0
59226,1,56.0,93.24,240.0
59227,2,91.0,129.63,321.0
59230,1,43.0,75.4,304.0
59231,1,60.0,75.75,96.0
59232,2,37.0,56.155,175.0
59233,1,75.0,149.71,291.0
59234,2,20.0,53.455,175.0
59235,2,40.0,70.085,208.0
59236,2,304.5,376.20500000000004,538.0
59237,3,282.0,345.15333333333336,511.3333333333333
59239,2,148.5,224.025,356.5
59240,2,155.5,251.83999999999997,422.0
59241,3,18.666666666666668,47.23,145.33333333333334
59242,1,72.0,161.38,356.0
59243,1,33.0,56.6,216.0
59244,3,52.0,81.82000000000001,180.66666666666666
59245,1,80.0,129.65,266.0
59246,2,31.0,73.75999999999999,185.5
59247,1,43.0,87.38,234.0
59248,3,37.333333333333336,71.95333333333333,236.33333333333334
59250,2,48.0,80.82,219.0
59251,1,42.0,64.53,205.0
59252,3,93.33333333333333,140.3033333333333,315.0
59255,2,29.5,55.25,197.5
59257,2,72.5,108.105,244.5
59258,1,57.0,80.72,242.0
59260,2,55.0,90.67,244.0
59261,1,60.0,88.95,239.0
59262,2,97.0,135.655,296.0
59263,2,177.5,252.48000000000002,506.0
59264,1,58.0,88.45,207.0
59265,2,80.0,134.735,308.0
59267,1,121.0,152.27,291.0
59269,1,103.0,136.49,284.0
59270,1,70.0,109.0,254.0
59271,2,21.5,39.96,200.5
59272,1,49.0,65.36,235.0
59277,2,75.5,120.065,259.0
59279,1,797.0,903.83,1034.0
59280,2,88.5,123.435,315.5
59281,1,1076.0,1219.66,1385.0
59282,2,560.5,668.19,828.5
59284,1,94.0,140.49,316.0
59286,1,19.0,39.0,139.0
59288,1,462.0,584.3,814.0
59289,1,142.0,193.63,338.0
59291,1,123.0,175.49,328.0
59292,1,11.0,20.84,42.0
59293,1,101.0,163.3,295.0
59294,1,104.0,140.72,312.0
59295,2,79.5,131.945,258.5
59297,1,45.0,66.41,272.0
59298,2,568.5,679.755,832.5
59300,1,79.0,111.51,239.0
59301,1,132.0,176.91,382.0
59302,1,91.0,142.69,304.0
59304,1,62.0,92.44,228.0
59305,1,57.0,113.39,226.0
59307,1,48.0,94.64,216.0
59310,1,1066.0,1220.28,1335.0
59311,1,40.0,75.03,216.0
59314,1,1103.0,1281.35,1442.0
59315,1,13.0,27.07,110.0
59317,2,370.5,417.16999999999996,497.0
59319,2,57.0,85.655,155.0
59320,2,54.0,73.19999999999999,136.5
59322,2,18.5,29.73,77.0
59323,1,55.0,90.04,321.0
59324,1,20.0,31.52,105.0
59325,1,0.0,12.32,61.0
59326,2,26.5,56.970000000000006,138.5
59327,3,242.33333333333334,298.9066666666667,430.3333333333333
59328,2,418.5,490.56,687.5
59330,1,85.0,134.16,281.0
59331,3,91.0,132.90333333333334,233.0
59332,3,40.666666666666664,67.38333333333334,184.33333333333334
59333,1,41.0,70.95,215.0
59335,1,64.0,110.49,277.0
59337,2,58.0,107.16,280.5
59338,1,90.0,116.22,294.0
59339,1,67.0,113.6,270.0
59340,2,75.0,119.565,274.5
59341,1,1037.0,1167.27,1350.0
59343,2,28.5,44.644999999999996,105.5
59344,1,133.0,186.58,362.0
59345,3,102.33333333333333,150.84333333333333,298.0
59346,5,54.2,98.21400000000001,239.0
59347,3,43.0,92.06,263.3333333333333
59348,1,88.0,159.55,300.0
59349,3,377.3333333333333,455.26333333333326,626.0
59350,1,60.0,123.67,279.0
59351,2,32.0,66.17,228.0
59352,1,42.0,107.28,254.0
59353,4,35.0,86.2675,251.5
59355,1,1.0,36.01,234.0
59358,2,38.0,87.08,215.0
59359,1,86.0,119.19,280.0
59360,1,44.0,97.7,254.0
59361,2,20.0,77.47999999999999,175.5
59364,2,356.0,444.84000000000003,632.0
59365,1,81.0,106.9,322.0
59369,2,44.5,70.47,234.5
59371,2,659.5,771.3599999999999,929.5
59372,1,72.0,99.53,241.0
59374,1,149.0,213.81,377.0
59376,1,27.0,52.9,197.0
59377,1,31.0,61.32,109.0
59382,1,24.0,52.03,220.0
59383,1,61.0,92.81,225.0
59385,2,103.5,156.91,266.5
59386,1,153.0,262.97,379.0
59387,1,473.0,557.66,722.0
59388,1,143.0,219.3,375.0
59389,1,140.0,181.5,396.0
59391,3,253.66666666666666,320.05,502.6666666666667
59392,2,64.0,104.16,199.5
59394,1,172.0,266.77,458.0
59395,1,97.0,148.74,369.0
59397,1,123.0,196.9,357.0
59398,1,77.0,115.71,342.0
59399,3,58.0,98.70333333333333,250.33333333333334
59400,1,65.0,101.3,225.0
59402,2,619.5,723.355,860.5
59403,6,172.5,225.71,339.6666666666667
59405,1,86.0,170.34,300.0
59407,2,29.5,60.735,135.0
59409,2,10.5,31.799999999999997,122.0
59410,2,23.0,38.29,118.0
59411,1,4.0,24.84,145.0
59412,1,17.0,48.99,190.0
59413,1,20.0,38.39,130.0
59414,2,64.5,86.705,201.0
59415,2,6.5,20.849999999999998,112.0
59416,2,371.5,455.45,595.5
59419,1,56.0,79.45,225.0
59420,2,461.0,544.6,748.5
59421,1,102.0,124.83,299.0
59422,2,114.5,149.725,275.5
59423,1,64.0,113.96,315.0
59425,2,49.0,72.14500000000001,271.5
59426,1,75.0,123.05,302.0
59427,1,1038.0,1157.17,1362.0
59428,1,23.0,48.65,144.0
59429,1,91.0,114.05,304.0
59430,1,30.0,55.87,222.0
59431,1,30.0,57.61,172.0
59432,1,116.0,160.07,304.0
59433,1,37.0,57.94,113.0
59434,1,125.0,164.61,391.0
59436,4,370.75,445.33250000000004,586.25
59437,2,24.0,38.265,120.5
59438,1,94.0,139.66,356.0
59439,2,23.5,53.38,186.5
59440,1,144.0,211.98,405.0
59441,2,75.5,162.915,313.5
59443,2,45.5,75.04,219.0
59445,1,23.0,56.09,291.0
59446,1,27.0,63.11,192.0
59452,1,46.0,67.66,269.0
59453,1,0.0,9.29,91.0
59454,1,55.0,74.53,266.0
59457,1,244.0,318.42,498.0
59460,1,118.0,162.66,322.0
59461,1,78.0,110.67,256.0
59462,2,93.0,160.4,312.0
59463,1,102.0,140.63,249.0
59465,1,89.0,154.06,321.0
59466,3,116.33333333333333,171.11333333333334,326.6666666666667
59468,1,75.0,159.53,303.0
59469,2,81.0,132.08,274.0
59470,3,120.0,187.41666666666666,364.3333333333333
59471,2,148.0,211.685,358.0
59472,2,74.5,126.94,290.0
59473,1,0.0,30.77,192.0
59474,3,114.0,164.12666666666667,308.6666666666667
59475,2,126.0,205.645,370.5
59476,2,597.5,691.39,856.0
59477,2,84.0,115.5,253.5
59478,1,26.0,61.08,213.0
59479,1,56.0,102.06,207.0
59480,1,25.0,71.89,213.0
59482,2,62.5,101.95500000000001,269.5
59484,2,24.0,50.035000000000004,152.5
59485,1,0.0,10.02,91.0
59486,1,35.0,75.02,203.0
59488,1,21.0,62.54,176.0
59491,2,119.0,147.8,264.0
59492,1,127.0,162.69,334.0
59493,1,31.0,78.08,230.0
59494,1,236.0,327.3,516.0
59495,1,99.0,156.06,278.0
59497,1,971.0,1125.83,1301.0
59500,1,51.0,66.03,124.0
59501,1,29.0,41.33,142.0
59502,1,32.0,47.8,107.0
59503,1,4.0,18.52,74.0
59504,1,90.0,111.12,161.0
59505,1,25.0,36.75,107.0
59507,1,895.0,1041.22,1240.0
59509,1,76.0,96.77,163.0
59510,1,99.0,119.78,299.0
59511,2,44.5,64.35000000000001,142.0
59513,3,96.0,124.86999999999999,253.66666666666666
59514,2,34.5,64.13499999999999,226.0
59515,1,17.0,45.35,119.0
59518,1,31.0,69.21,207.0
59519,2,71.5,119.525,304.0
59521,1,128.0,181.87,387.0
59522,1,179.0,250.49,400.0
59523,2,371.0,469.14500000000004,697.5
59524,2,101.0,161.43,338.0
59525,3,63.0,121.45333333333333,277.6666666666667
59526,2,91.0,164.39499999999998,316.0
59527,1,71.0,107.65,249.0
59528,1,82.0,116.58,253.0
59530,1,127.0,169.44,388.0
59531,1,104.0,151.44,302.0
59533,1,73.0,90.79,244.0
59534,2,53.5,80.69,224.0
59535,3,34.333333333333336,61.06333333333333,221.66666666666666
59536,1,47.0,60.3,151.0
59537,2,64.5,110.49000000000001,216.0
59538,1,0.0,8.25,43.0
59539,2,80.0,109.55,266.0
59540,1,39.0,61.36,207.0
59541,1,38.0,63.6,139.0
59547,4,95.0,127.9075,239.5
59548,1,30.0,51.66,268.0
59550,1,132.0,180.22,327.0
59551,1,117.0,147.91,257.0
59552,1,35.0,63.49,185.0
59553,3,121.0,155.06333333333333,310.0
59555,4,80.0,123.34249999999999,245.25
59556,2,81.0,130.485,274.5
59557,1,121.0,180.1,325.0
59558,3,86.0,135.91,267.0
59559,1,103.0,157.2,340.0
59560,2,165.0,219.88500000000002,379.0
59561,1,115.0,182.5,353.0
59563,2,188.5,255.485,442.5
59565,1,287.0,375.47,540.0
59566,1,48.0,81.55,198.0
59568,3,53.333333333333336,80.64999999999999,190.0
59570,1,65.0,125.15,253.0
59572,1,37.0,75.31,180.0
59575,1,99.0,139.65,261.0
59576,1,41.0,56.73,168.0
59581,1,99.0,156.32,275.0
59583,2,79.0,107.9,234.0
59586,2,111.0,151.34,313.0
59591,1,26.0,42.33,129.0
59592,3,30.666666666666668,44.30666666666667,111.0
59594,3,46.666666666666664,65.29,144.33333333333334
59596,1,53.0,67.63,128.0
59597,2,353.0,430.515,568.0
59599,2,31.5,45.989999999999995,116.5
59600,4,53.5,91.335,213.25
59601,1,63.0,129.18,253.0
59602,2,30.5,74.0,193.0
59603,1,42.0,72.8,216.0
59604,1,55.0,78.41,213.0
59605,1,90.0,122.53,181.0
59608,1,89.0,117.1,265.0
59614,2,431.0,509.33500000000004,686.0
59615,5,70.6,110.52200000000002,258.6
59616,1,21.0,48.96,151.0
59617,3,226.66666666666666,289.8233333333333,452.6666666666667
59618,2,109.5,137.14999999999998,278.0
59619,2,106.0,154.98000000000002,320.0
59620,2,76.0,102.055,237.0
59621,2,123.0,182.975,368.0
59622,3,60.333333333333336,100.61666666666666,256.0
59623,1,140.0,233.13,360.0
59624,3,68.33333333333333,116.99,257.6666666666667
59625,2,25.5,47.699999999999996,158.5
59626,2,71.0,107.595,231.0
59627,3,47.333333333333336,70.39666666666666,210.33333333333334
59628,1,59.0,103.23,283.0
59629,1,63.0,96.86,173.0
59630,1,88.0,129.2,316.0
59631,4,33.25,57.839999999999996,196.75
59632,1,0.0,13.7,158.0
59635,2,44.5,84.15,283.0
59637,1,31.0,62.53,276.0
59640,2,64.0,87.28,240.5
59641,3,78.0,105.42666666666666,258.0
59642,1,60.0,82.64,221.0
59643,1,101.0,146.49,265.0
59649,3,153.0,213.01000000000002,369.3333333333333
59650,1,303.0,426.28,586.0
59651,1,48.0,72.77,227.0
59652,1,132.0,198.24,345.0
59653,1,352.0,490.5,674.0
59654,1,290.0,430.33,594.0
59656,2,200.0,279.83500000000004,437.0
59658,1,137.0,204.99,348.0
59659,2,58.0,90.515,212.0
59661,2,66.0,118.47,266.0
59662,1,63.0,103.98,322.0
59664,1,82.0,153.14,306.0
59665,2,70.5,157.89499999999998,310.0
59668,1,13.0,41.77,226.0
59669,1,0.0,20.22,219.0
59671,1,78.0,123.35,303.0
59673,1,45.0,70.32,111.0
59676,1,101.0,133.53,303.0
59677,1,51.0,76.17,237.0
59678,1,100.0,161.8,298.0
59680,1,38.0,54.08,129.0
59682,1,59.0,88.63,250.0
59683,3,30.0,44.82333333333333,90.0
59684,1,31.0,48.08,114.0
59686,1,0.0,6.05,66.0
59689,1,67.0,104.47,195.0
59690,1,652.0,766.61,1060.0
59691,2,173.5,242.69,406.5
59693,1,23.0,50.79,123.0
59696,3,283.6666666666667,376.6766666666667,594.0
59697,2,97.0,142.485,308.0
59698,1,187.0,255.91,452.0
59699,1,119.0,184.84,352.0
59700,1,69.0,111.42,276.0
59701,2,1.0,20.945,195.5
59702,2,19.5,36.165,138.5
59703,2,75.0,124.675,273.0
59704,1,0.0,10.47,68.0
59705,2,84.5,124.945,265.0
59706,2,29.5,55.019999999999996,240.0
59708,1,101.0,162.09,346.0
59709,1,190.0,261.83,466.0
59710,2,99.0,142.5,315.0
59711,2,80.5,112.755,252.0
59712,1,41.0,83.31,225.0
59713,1,81.0,109.09,246.0
59714,3,84.0,141.19333333333333,300.3333333333333
59716,1,343.0,450.76,697.0
59717,2,61.5,101.625,258.5
59718,2,29.5,53.635000000000005,193.0
59719,3,243.66666666666666,309.51666666666665,471.6666666666667
59720,1,0.0,10.38,70.0
59721,4,49.5,91.745,267.75
59723,2,36.0,67.85499999999999,258.0
59728,1,37.0,76.21,280.0
59730,1,47.0,94.98,241.0
59732,1,149.0,177.37,335.0
59734,3,157.33333333333334,228.31000000000003,370.6666666666667
59738,1,80.0,124.41,208.0
59739,2,113.5,170.365,312.0
59741,2,230.0,308.15500000000003,502.0
59742,1,341.0,474.37,641.0
59743,1,357.0,498.56,733.0
59745,1,134.0,190.59,354.0
59746,1,334.0,438.72,630.0
59747,1,133.0,209.59,351.0
59748,1,329.0,498.07,637.0
59749,1,18.0,46.16,256.0
59750,1,319.0,470.56,636.0
59751,1,344.0,515.65,681.0
59752,1,55.0,81.91,197.0
59754,1,332.0,485.67,666.0
59756,1,91.0,128.03,197.0
59763,1,29.0,48.82,125.0
59766,1,102.0,150.81,312.0
59767,3,75.33333333333333,112.75,235.0
59768,2,31.0,56.980000000000004,179.0
59769,1,35.0,52.57,102.0
59770,1,11.0,34.69,100.0
59771,1,49.0,66.13,84.0
59772,1,39.0,48.49,122.0
59773,1,15.0,30.17,94.0
59774,1,44.0,73.87,208.0
59775,2,65.5,97.565,218.5
59776,1,44.0,58.65,117.0
59777,1,63.0,102.56,189.0
59778,1,763.0,897.35,1106.0
59779,1,41.0,81.77,172.0
59780,2,40.0,79.455,249.5
59781,2,381.0,474.315,609.5
59782,1,26.0,53.52,218.0
59783,4,26.75,58.75750000000001,212.5
59784,1,126.0,158.57,382.0
59785,1,33.0,80.21,250.0
59786,1,0.0,6.26,68.0
59787,2,81.5,115.53999999999999,237.0
59788,2,148.5,219.55499999999998,405.0
59789,2,63.0,94.02,253.0
59790,3,55.0,85.40666666666668,216.0
59791,2,34.0,78.64500000000001,250.5
59793,2,132.5,210.64499999999998,367.0
59794,2,105.0,166.19,347.5
59795,1,47.0,73.9,222.0
59796,1,45.0,71.25,233.0
59797,3,67.66666666666667,104.53666666666668,263.3333333333333
59798,2,80.5,128.89,286.0
59799,4,49.5,76.855,211.5
59800,1,47.0,68.78,224.0
59801,1,33.0,67.32,201.0
59802,2,109.5,147.08,318.0
59803,4,66.5,108.83250000000001,244.25
59804,1,41.0,78.73,219.0
59805,1,196.0,314.01,503.0
59806,1,82.0,106.36,245.0
59807,3,32.0,63.76333333333334,207.0
59808,2,133.0,201.29,385.5
59809,5,93.2,150.594,311.6
59811,2,56.0,93.42500000000001,214.5
59812,3,138.0,215.17333333333332,383.6666666666667
59813,1,44.0,69.44,153.0
59819,2,143.0,233.975,385.0
59821,1,42.0,54.42,107.0
59822,1,142.0,180.63,332.0
59824,1,112.0,173.38,293.0
59826,1,94.0,145.45,265.0
59828,1,147.0,231.12,371.0
59831,2,106.5,162.31,310.0
59833,1,384.0,526.86,703.0
59834,1,127.0,209.12,359.0
59838,1,380.0,514.83,734.0
59839,2,245.5,368.155,557.5
59840,1,11.0,51.66,287.0
59841,2,212.0,350.18,525.0
59843,2,75.5,139.8,276.0
59844,2,57.0,96.995,272.0
59845,1,79.0,163.29,311.0
59846,1,21.0,53.99,172.0
59847,1,79.0,182.02,307.0
59850,1,78.0,149.92,301.0
59851,1,8.0,27.19,102.0
59854,1,82.0,134.26,278.0
59858,1,126.0,170.02,319.0
59860,2,37.0,52.315,167.0
59861,1,50.0,68.26,127.0
59862,1,62.0,100.29,250.0
59863,1,1.0,20.28,110.0
59865,1,42.0,82.91,242.0
59867,2,413.5,532.01,697.0
59868,2,410.5,515.415,693.5
59872,1,0.0,6.33,61.0
59877,2,7.0,30.64,132.0
59878,3,49.0,75.74333333333333,175.66666666666666
59883,3,81.0,123.73666666666666,266.6666666666667
59884,1,813.0,948.93,1178.0
59885,1,38.0,66.66,218.0
59886,1,101.0,145.01,303.0
59887,2,72.0,113.395,243.0
59888,2,164.5,240.92499999999998,422.0
59889,3,47.333333333333336,78.60333333333332,212.0
59890,3,96.66666666666667,150.85999999999999,329.6666666666667
59891,2,100.0,143.18,282.0
59892,1,32.0,81.78,304.0
59893,1,62.0,89.01,243.0
59895,2,134.5,190.31,336.0
59896,1,48.0,81.54,207.0
59897,4,111.0,170.42249999999999,342.25
59898,4,107.0,170.315,336.25
59899,1,45.0,70.52,250.0
59900,4,134.75,217.1525,429.75
59901,2,50.5,84.81,257.5
59902,3,51.0,95.94,303.0
59903,1,38.0,66.14,244.0
59904,3,46.0,87.85000000000001,244.66666666666666
59905,1,361.0,535.14,710.0
59906,2,228.0,353.235,504.5
59907,2,53.5,97.545,266.5
59909,2,43.0,87.01,169.5
59910,2,233.0,320.83500000000004,486.5
59911,2,192.0,280.23499999999996,433.0
59912,1,246.0,310.59,523.0
59913,1,81.0,131.2,339.0
59914,2,155.0,209.22500000000002,329.0
59915,1,81.0,132.2,344.0
59916,1,457.0,629.36,786.0
59919,1,237.0,302.21,511.0
59921,1,142.0,198.2,366.0
59923,1,137.0,195.76,359.0
59924,1,129.0,204.35,354.0
59925,1,897.0,1063.96,1194.0
59928,1,435.0,617.54,855.0
59929,1,47.0,76.29,171.0
59930,1,400.0,559.82,775.0
59934,1,403.0,564.64,730.0
59937,1,0.0,33.84,210.0
59940,2,6.5,24.19,110.5
59941,1,880.0,1067.89,1173.0
59947,1,108.0,147.97,365.0
59948,1,118.0,178.51,415.0
59949,3,57.0,102.44666666666666,262.0
59950,2,18.5,34.105,120.0
59951,1,0.0,7.93,63.0
59954,1,22.0,40.72,60.0
59955,1,0.0,8.04,61.0
59956,2,33.5,55.80500000000001,134.0
59957,2,70.0,101.3,206.5
59958,1,880.0,1031.71,1241.0
59959,1,0.0,6.78,68.0
59960,3,227.33333333333334,301.65333333333336,478.6666666666667
59962,1,231.0,323.15,547.0
59963,1,111.0,151.95,316.0
59964,1,81.0,152.75,293.0
59970,2,49.5,101.30000000000001,325.5
59973,1,880.0,1036.33,1250.0
59974,2,46.5,75.16,175.5
59975,1,46.0,101.85,238.0
59977,3,102.0,143.60333333333332,325.6666666666667
59979,4,62.25,99.7775,267.75
59986,1,65.0,89.69,263.0
59987,1,71.0,106.16,255.0
59988,1,58.0,84.68,253.0
59990,2,74.0,100.80000000000001,260.5
59992,1,69.0,115.65,258.0
59997,1,45.0,85.75,297.0
60000,1,423.0,583.31,751.0
60004,1,19.0,52.58,154.0
60006,1,405.0,538.19,717.0
60008,1,394.0,543.41,716.0
60009,1,109.0,159.79,322.0
60010,1,400.0,540.89,711.0
60011,1,7.0,26.95,104.0
60013,3,340.0,453.80333333333334,650.6666666666666
60016,1,283.0,404.7,633.0
60017,1,37.0,75.54,191.0
60018,1,229.0,312.07,539.0
60022,1,213.0,300.28,510.0
60027,1,403.0,590.69,766.0
60028,1,14.0,29.86,140.0
60032,1,430.0,624.19,819.0
60035,1,30.0,62.56,249.0
60040,1,124.0,161.92,269.0
60041,1,50.0,69.32,87.0
60046,1,55.0,78.97,132.0
60047,2,594.0,714.785,931.0
60048,1,87.0,114.78,280.0
60050,1,14.0,48.17,133.0
60051,1,131.0,189.09,360.0
60053,1,42.0,56.16,87.0
60054,1,0.0,10.62,78.0
60055,1,4.0,27.55,125.0
60059,1,110.0,156.44,365.0
60060,2,94.0,133.82999999999998,309.5
60061,1,83.0,113.21,279.0
60063,3,59.0,85.95,211.66666666666666
60064,1,43.0,72.29,244.0
60065,1,44.0,74.77,241.0
60066,2,55.5,102.53,259.0
60067,4,52.5,87.88,213.75
60069,3,128.0,189.07000000000002,335.6666666666667
60071,1,46.0,112.17,253.0
60072,1,266.0,330.61,480.0
60075,2,37.5,84.125,253.5
60077,3,13.0,35.7,117.33333333333333
60079,1,96.0,136.34,373.0
60081,1,78.0,105.2,305.0
60082,2,54.5,116.295,276.5
60084,1,24.0,67.27,216.0
60085,1,21.0,33.82,65.0
60088,1,0.0,7.5,57.0
60090,1,38.0,64.22,219.0
60091,3,50.333333333333336,90.53666666666668,241.0
60092,1,15.0,35.42,181.0
60093,1,100.0,134.82,250.0
60096,1,54.0,84.18,242.0
60097,1,1.0,13.45,78.0
60098,1,52.0,98.35,241.0
60100,1,18.0,28.55,47.0
60103,2,18.5,29.27,123.5
60105,1,26.0,55.25,201.0
60110,2,65.0,92.895,223.0
60113,1,47.0,78.29,227.0
60114,1,279.0,344.14,537.0
60117,2,179.5,250.44,412.5
60118,1,44.0,63.0,188.0
60121,1,42.0,72.92,143.0
60123,1,37.0,65.75,131.0
60125,1,52.0,86.28,301.0
60128,2,30.5,56.870000000000005,160.5
60130,1,0.0,15.08,81.0
60133,1,24.0,92.99,217.0
60136,1,1037.0,1216.08,1393.0
60137,1,1019.0,1207.17,1391.0
60143,1,57.0,77.65,170.0
60145,1,62.0,92.74,328.0
60146,1,50.0,95.72,230.0
60147,2,57.5,95.03,242.0
60148,2,27.0,45.485,142.0
60149,2,29.0,56.334999999999994,188.5
60150,2,211.5,275.585,423.5
60151,3,66.66666666666667,94.45333333333333,246.33333333333334
60152,1,107.0,134.23,304.0
60153,2,215.5,272.225,397.0
60154,1,0.0,4.0,27.0
60155,1,179.0,254.23,514.0
60157,1,93.0,134.87,302.0
60158,2,92.0,128.01,299.5
60159,2,134.0,217.54,373.5
60161,1,114.0,172.43,316.0
60162,1,58.0,99.49,292.0
60165,2,60.0,93.61999999999999,270.5
60167,1,186.0,253.09,469.0
60168,1,141.0,235.77,411.0
60169,1,40.0,67.66,277.0
60170,1,138.0,201.72,409.0
60172,1,64.0,90.15,219.0
60175,1,0.0,14.49,136.0
60181,1,81.0,113.47,323.0
60182,1,63.0,103.95,257.0
60191,1,64.0,98.3,246.0
60192,1,68.0,107.39,244.0
60194,1,47.0,97.56,280.0
60197,2,76.0,100.895,219.5
60198,1,77.0,119.49,267.0
60200,1,109.0,143.1,267.0
60203,1,13.0,38.13,115.0
60204,1,63.0,103.95,267.0
60208,1,80.0,101.11,173.0
60216,1,69.0,93.75,176.0
60217,1,46.0,67.28,187.0
60219,1,0.0,80.24,308.0
60220,1,40.0,53.2,121.0
60221,2,28.5,39.45,85.0
60222,1,0.0,12.99,141.0
60223,1,38.0,57.3,121.0
60224,1,37.0,65.04,116.0
60226,1,80.0,99.02,159.0
60227,1,1097.0,1295.35,1478.0
60228,1,201.0,262.7,499.0
60229,1,64.0,103.98,188.0
60233,2,26.5,72.755,221.5
60234,1,36.0,81.75,300.0
60235,1,18.0,30.23,63.0
60236,1,33.0,70.43,249.0
60237,1,0.0,13.42,88.0
60239,1,29.0,52.28,185.0
60240,1,36.0,65.05,327.0
60241,2,47.0,69.215,207.0
60243,1,1074.0,1259.58,1487.0
60244,3,141.33333333333334,189.64000000000001,357.3333333333333
60245,1,78.0,103.39,257.0
60246,1,180.0,233.51,372.0
60247,2,189.5,245.9,487.5
60248,1,37.0,97.24,340.0
60250,1,401.0,512.15,665.0
60252,2,41.5,76.32,185.0
60253,2,37.5,54.62,140.0
60254,2,62.5,126.445,300.0
60255,1,0.0,51.95,319.0
60256,1,0.0,3.0,11.0
60257,3,64.0,101.24333333333334,280.0
60258,1,102.0,171.69,345.0
60259,3,53.666666666666664,121.76333333333332,266.0
60260,1,57.0,107.81,254.0
60261,1,96.0,179.01,340.0
60262,1,93.0,132.02,281.0
60263,1,101.0,172.17,344.0
60264,1,22.0,81.18,345.0
60271,1,105.0,176.9,331.0
60274,1,78.0,120.96,352.0
60275,1,117.0,145.12,323.0
60277,1,47.0,70.24,119.0
60278,2,57.0,95.965,235.5
60279,1,28.0,58.44,155.0
60282,1,84.0,121.49,279.0
60287,1,1105.0,1300.25,1465.0
60288,2,16.0,28.06,77.5
60307,1,77.0,111.25,278.0
60310,3,67.0,109.86333333333334,284.0
60311,2,37.5,51.87,111.0
60312,1,1.0,17.07,74.0
60313,1,39.0,52.81,124.0
60314,2,22.5,43.37,91.0
60315,2,71.0,122.00999999999999,226.0
60316,2,615.5,733.065,865.5
60317,1,33.0,65.66,271.0
60320,1,33.0,60.4,184.0
60321,1,97.0,128.43,256.0
60322,1,53.0,100.26,273.0
60325,1,110.0,153.24,381.0
60327,4,83.25,120.22999999999999,316.0
60328,1,0.0,5.87,15.0
60329,3,65.66666666666667,104.63333333333333,295.0
60330,1,111.0,160.67,374.0
60332,2,69.5,128.325,336.0
60333,1,105.0,158.55,390.0
60334,1,34.0,52.93,221.0
60335,1,83.0,128.95,344.0
60336,3,47.666666666666664,90.88333333333334,268.0
60337,1,1116.0,1307.75,1560.0
60338,2,146.5,208.695,401.0
60339,4,162.0,216.42499999999998,371.25
60341,1,276.0,407.82,560.0
60342,2,73.0,137.86,349.0
60343,3,106.66666666666667,163.72666666666666,302.0
60344,1,123.0,168.92,342.0
60345,1,99.0,158.5,291.0
60346,2,72.5,133.34,298.0
60347,1,69.0,121.48,270.0
60348,2,155.0,234.6,406.0
60350,1,15.0,34.93,127.0
60352,1,108.0,165.43,413.0
60354,1,48.0,80.62,257.0
60357,1,73.0,99.41,321.0
60361,2,35.5,64.03,230.0
60362,2,107.0,168.755,367.0
60363,1,35.0,94.77,258.0
60364,3,64.66666666666667,125.85666666666667,294.3333333333333
60367,1,80.0,140.7,293.0
60368,1,115.0,150.62,266.0
60370,2,31.0,73.78,215.0
60372,1,72.0,122.55,287.0
60373,1,90.0,123.47,232.0
60375,1,157.0,218.82,407.0
60376,1,29.0,61.69,174.0
60379,1,48.0,80.15,230.0
60381,1,176.0,243.72,406.0
60386,1,153.0,213.5,403.0
60387,1,43.0,77.38,266.0
60388,1,0.0,20.85,103.0
60392,1,205.0,273.95,505.0
60398,1,87.0,140.83,328.0
60400,1,29.0,39.79,110.0
60401,1,0.0,8.18,63.0
60403,1,53.0,111.36,249.0
60406,2,38.5,51.309999999999995,94.5
60407,2,643.5,773.975,938.5
60408,2,162.0,227.185,429.5
60409,2,138.0,211.54500000000002,343.0
60410,1,4.0,41.66,212.0
60411,3,528.6666666666666,644.4666666666667,820.3333333333334
60413,3,122.33333333333333,185.38666666666666,373.6666666666667
60414,2,145.5,225.215,355.0
60416,2,164.5,239.11499999999998,432.5
60417,1,268.0,401.59,566.0
60418,3,75.33333333333333,109.32666666666667,262.3333333333333
60419,1,190.0,288.84,455.0
60420,2,599.5,708.985,838.0
60422,3,73.33333333333333,130.98000000000002,347.0
60423,1,53.0,80.39,231.0
60425,3,126.66666666666667,177.84333333333333,359.6666666666667
60427,3,98.0,158.85333333333332,289.6666666666667
60429,1,164.0,296.5,515.0
60431,1,26.0,57.11,226.0
60432,1,0.0,7.09,12.0
60435,2,49.0,82.575,249.0
60437,3,34.666666666666664,57.843333333333334,181.33333333333334
60438,3,134.0,189.21,418.6666666666667
60439,1,51.0,75.65,220.0
60440,2,90.0,163.45,359.5
60441,2,99.0,170.835,348.5
60442,1,14.0,63.77,227.0
60443,2,80.0,136.805,296.5
60446,1,0.0,20.52,163.0
60447,1,199.0,311.72,458.0
60448,1,52.0,100.95,319.0
60452,1,124.0,163.41,310.0
60453,1,1.0,19.63,88.0
60456,1,175.0,249.88,459.0
60458,1,169.0,276.15,459.0
60460,3,82.66666666666667,135.08333333333334,266.0
60462,1,65.0,130.23,290.0
60463,1,366.0,458.04,693.0
60464,1,44.0,53.52,79.0
60465,1,26.0,42.55,114.0
60467,1,265.0,372.15,603.0
60469,1,70.0,96.66,260.0
60470,1,15.0,39.3,205.0
60474,2,113.0,153.75,346.0
60475,1,149.0,203.51,351.0
60481,1,0.0,15.59,123.0
60484,1,27.0,80.11,220.0
60485,1,165.0,277.09,482.0
60487,1,60.0,89.81,241.0
60490,1,0.0,9.89,104.0
60491,1,5.0,16.43,70.0
60493,1,108.0,141.15,310.0
60497,3,513.6666666666666,642.2133333333333,790.3333333333334
60499,2,137.5,207.895,380.0
60501,1,6.0,34.96,126.0
60504,1,164.0,227.83,452.0
60505,1,70.0,114.79,251.0
60507,1,122.0,201.67,413.0
60509,1,68.0,105.22,276.0
60510,1,124.0,168.35,383.0
60511,1,8.0,18.22,37.0
60512,1,32.0,75.16,253.0
60513,1,104.0,129.83,303.0
60514,2,67.5,104.22,287.5
60516,2,129.5,196.135,348.5
60518,1,6.0,17.74,41.0
60522,1,99.0,146.86,276.0
60523,1,35.0,61.53,184.0
60524,2,58.0,81.54499999999999,204.5
60525,1,11.0,40.1,216.0
60526,1,80.0,104.52,280.0
60527,1,80.0,155.4,270.0
60528,1,84.0,109.47,307.0
60529,2,70.0,133.885,284.0
60530,2,35.5,72.005,234.5
60531,3,468.6666666666667,567.7433333333333,731.3333333333334
60533,1,54.0,99.13,232.0
60534,1,0.0,4.43,14.0
60537,1,12.0,19.98,30.0
60538,2,155.5,210.13,394.5
60540,1,64.0,124.22,310.0
60541,2,61.5,117.05,265.5
60543,3,59.333333333333336,133.91,318.6666666666667
60545,1,64.0,134.96,302.0
60547,1,79.0,165.7,314.0
60548,2,48.5,89.18499999999999,208.0
60549,1,68.0,136.81,310.0
60550,1,130.0,188.86,406.0
60551,1,65.0,118.28,286.0
60552,1,121.0,187.08,402.0
60554,1,89.0,173.27,376.0
60557,4,79.75,125.04750000000001,283.75
60559,1,82.0,194.5,384.0
60563,1,66.0,144.21,379.0
60565,1,67.0,193.91,384.0
60567,1,58.0,157.14,380.0
60568,2,415.0,513.645,677.0
60569,1,91.0,158.0,287.0
60570,1,57.0,89.58,245.0
60571,1,118.0,184.85,380.0
60572,1,141.0,183.76,378.0
60578,1,154.0,201.94,429.0
60579,1,8.0,28.95,106.0
60580,1,104.0,147.68,259.0
60582,1,164.0,220.94,369.0
60584,1,49.0,86.06,173.0
60585,3,49.666666666666664,89.90333333333332,209.33333333333334
60586,1,95.0,143.7,297.0
60587,1,108.0,136.32,289.0
60588,1,51.0,84.47,307.0
60590,1,88.0,135.14,284.0
60591,1,56.0,111.18,323.0
60592,2,669.5,779.8900000000001,886.5
60593,1,63.0,91.01,246.0
60594,2,19.0,40.015,123.0
60595,2,28.0,45.2,126.5
60596,2,688.5,825.28,966.0
60597,1,54.0,93.9,229.0
60598,1,95.0,164.59,368.0
60599,1,58.0,98.59,238.0
60600,1,0.0,17.22,140.0
60601,2,46.5,80.605,262.5
60602,1,57.0,90.36,237.0
60603,1,121.0,186.64,378.0
60604,1,5.0,22.09,117.0
60605,1,97.0,167.03,368.0
60606,2,82.5,129.41,287.0
60607,2,108.5,167.98000000000002,364.0
60608,2,49.0,96.99499999999999,263.5
60609,3,71.33333333333333,118.74666666666667,284.0
60610,2,37.5,70.57,197.5
60611,2,107.0,179.09,370.0
60612,1,143.0,199.22,455.0
60615,2,84.5,146.235,364.0
60617,1,81.0,163.65,322.0
60618,1,76.0,166.42,320.0
60620,1,73.0,153.43,321.0
60621,1,126.0,156.63,279.0
60622,1,71.0,140.86,315.0
60623,1,33.0,50.31,195.0
60624,1,34.0,65.66,164.0
60628,2,76.0,120.815,266.5
60631,1,86.0,137.48,349.0
60633,1,65.0,112.76,272.0
60634,2,522.5,664.25,761.5
60635,1,25.0,62.64,177.0
60637,1,22.0,49.26,273.0
60638,1,64.0,105.19,268.0
60639,2,70.5,119.41499999999999,301.0
60640,2,76.5,128.28,274.5
60642,2,78.0,121.16499999999999,267.5
60643,2,37.5,59.925,154.0
60645,1,79.0,131.08,281.0
60646,1,8.0,23.79,91.0
60647,1,55.0,79.11,135.0
60651,1,66.0,110.32,284.0
60655,1,28.0,54.72,209.0
60657,1,24.0,61.21,202.0
60658,1,72.0,99.14,168.0
60662,1,129.0,186.56,407.0
60664,1,63.0,146.39,297.0
60665,1,748.0,892.27,1104.0
60667,4,87.0,138.565,289.25
60668,1,65.0,81.49,164.0
60669,2,8.0,35.69,185.0
60670,2,714.5,846.27,973.5
60671,1,37.0,52.67,115.0
60672,1,28.0,50.61,196.0
60677,1,1428.0,1662.31,1849.0
60681,2,25.5,51.555,135.5
60683,1,83.0,113.29,315.0
60684,2,34.5,72.995,224.5
60687,1,44.0,86.23,230.0
60689,2,98.5,133.79,332.0
60690,1,219.0,305.61,635.0
60691,2,82.5,136.975,344.5
60692,4,412.5,512.345,696.75
60693,1,69.0,150.52,321.0
60694,4,104.75,161.02499999999998,347.0
60695,1,41.0,70.06,227.0
60696,3,101.66666666666667,173.85333333333335,322.3333333333333
60697,1,38.0,66.65,223.0
60698,3,116.0,197.02999999999997,347.6666666666667
60699,2,159.0,236.245,428.0
60700,2,83.0,118.78999999999999,212.5
60701,3,64.33333333333333,96.56,176.66666666666666
60702,1,78.0,100.4,265.0
60703,1,62.0,101.32,254.0
60704,2,95.0,164.10500000000002,336.0
60705,1,13.0,34.2,198.0
60707,3,479.6666666666667,570.36,678.6666666666666
60708,1,54.0,84.81,244.0
60709,2,69.0,120.015,270.5
60710,2,51.5,84.53,218.5
60711,3,518.6666666666666,640.5966666666667,797.3333333333334
60712,2,7.5,39.745,198.0
60713,1,24.0,71.1,293.0
60717,2,44.0,92.89500000000001,222.5
60719,1,80.0,111.17,226.0
60724,1,51.0,85.68,368.0
60726,5,37.6,76.78,248.2
60727,2,68.5,134.585,336.0
60729,2,19.0,74.535,239.0
60730,1,82.0,108.82,164.0
60731,2,62.0,127.78999999999999,290.5
60733,2,34.0,78.775,244.0
60735,1,37.0,67.04,199.0
60736,1,83.0,127.98,296.0
60739,1,25.0,49.76,176.0
60741,1,25.0,55.87,172.0
60742,1,745.0,883.85,1074.0
60743,2,352.5,431.63,568.0
60744,1,171.0,265.66,372.0
60745,1,0.0,66.26,295.0
60746,1,585.0,687.79,799.0
60747,1,169.0,296.84,407.0
60748,1,133.0,204.25,405.0
60750,1,61.0,136.21,289.0
60757,1,147.0,219.89,485.0
60760,1,19.0,36.64,93.0
60763,1,1.0,20.91,192.0
60764,1,34.0,59.92,252.0
60765,1,41.0,55.32,113.0
60767,1,67.0,106.29,204.0
60768,1,42.0,60.16,112.0
60769,1,25.0,50.91,212.0
60770,1,46.0,94.68,173.0
60771,1,58.0,127.47,405.0
60776,1,112.0,146.38,233.0
60777,1,23.0,38.06,147.0
60778,1,20.0,42.58,134.0
60780,2,54.5,71.69000000000001,158.5
60782,1,108.0,157.89,298.0
60783,2,110.0,179.25,318.5
60784,1,101.0,132.26,297.0
60785,1,49.0,124.29,302.0
60786,1,137.0,210.92,352.0
60788,1,109.0,137.93,266.0
60789,2,97.5,144.635,297.0
60790,1,195.0,303.76,459.0
60792,2,112.5,195.58499999999998,351.5
60793,1,59.0,85.74,254.0
60794,1,179.0,313.09,457.0
60795,5,352.4,456.184,621.4
60797,2,55.5,130.495,291.0
60798,2,45.0,72.685,208.0
60800,1,54.0,73.1,225.0
60801,2,45.0,70.75,218.5
60802,2,59.0,92.38499999999999,285.0
60804,2,31.0,60.989999999999995,230.0
60809,3,65.66666666666667,104.41333333333334,278.0
60810,2,50.0,114.995,287.0
60811,1,85.0,115.09,230.0
60813,1,127.0,185.05,416.0
60816,1,35.0,73.46,303.0
60817,1,85.0,169.28,347.0
60819,1,7.0,33.34,152.0
60820,2,50.0,100.385,315.5
60822,1,30.0,108.72,322.0
60823,2,33.0,88.935,223.5
60824,1,27.0,57.64,225.0
60828,1,194.0,297.85,488.0
60830,1,71.0,107.82,258.0
60833,1,89.0,144.89,461.0
60836,1,31.0,99.77,314.0
60846,1,0.0,6.01,32.0
60847,1,58.0,72.11,92.0
60849,1,83.0,146.06,287.0
60852,1,1546.0,1825.19,1973.0
60854,2,15.0,28.580000000000002,116.0
60857,1,99.0,131.8,285.0
60858,1,61.0,90.57,167.0
60859,1,103.0,134.08,281.0
60861,2,19.5,51.485,182.5
60862,2,38.5,58.21,184.0
60863,1,0.0,10.41,130.0
60865,1,89.0,122.42,291.0
60867,1,40.0,70.18,230.0
60868,1,43.0,73.0,332.0
60872,2,16.5,29.905,88.5
60875,1,26.0,48.42,98.0
60877,3,328.6666666666667,392.93666666666667,559.3333333333334
60878,1,168.0,242.38,618.0
60879,1,192.0,294.8,457.0
60880,3,34.333333333333336,60.73333333333333,174.33333333333334
60881,2,114.5,192.045,299.0
60882,2,107.0,193.365,350.5
60883,1,84.0,125.49,310.0
60885,2,213.0,351.525,519.0
60886,1,49.0,70.38,221.0
60887,2,32.5,60.49,200.0
60891,1,182.0,305.39,481.0
60895,1,55.0,111.58,299.0
60896,1,10.0,18.25,27.0
60900,1,100.0,128.14,268.0
60903,1,5.0,29.8,146.0
60904,2,32.5,56.905,241.0
60906,1,2.0,26.38,158.0
60908,1,72.0,119.98,224.0
60911,1,93.0,177.97,401.0
60915,1,23.0,61.01,251.0
60920,1,38.0,68.05,153.0
60934,1,126.0,191.15,348.0
60937,1,32.0,46.44,65.0
60940,1,20.0,29.94,45.0
60942,1,65.0,97.8,268.0
60946,1,54.0,74.77,134.0
60948,2,520.5,627.1999999999999,864.0
60950,1,140.0,170.75,354.0
60955,1,47.0,83.11,230.0
60958,1,269.0,418.25,545.0
60962,1,2.0,11.33,33.0
60963,1,890.0,1047.56,1271.0
60965,2,22.0,44.714999999999996,174.0
60966,2,599.0,752.75,957.5
60967,1,43.0,89.17,225.0
60968,1,220.0,319.8,491.0
60969,1,45.0,67.37,238.0
60970,2,59.5,89.875,220.0
60972,2,34.5,74.31,270.5
60975,1,29.0,48.29,215.0
60976,2,162.5,236.92,427.5
60977,3,119.0,196.31999999999996,361.3333333333333
60979,2,135.0,247.875,395.0
60981,1,38.0,70.44,210.0
60982,1,52.0,72.02,162.0
60987,1,3.0,12.62,29.0
60995,1,54.0,68.68,136.0
60998,2,47.5,66.225,189.5
61004,1,20.0,48.22,204.0
61006,1,45.0,71.87,244.0
61016,1,0.0,5.99,26.0
61030,1,21.0,34.05,102.0
61033,1,57.0,87.9,254.0
61035,1,0.0,5.7,36.0
61037,2,522.0,635.125,845.0
61038,1,31.0,62.8,214.0
61044,1,709.0,830.68,1000.0
61051,1,0.0,6.68,64.0
61052,2,461.5,555.1,714.5
61053,1,95.0,130.53,225.0
61054,1,91.0,131.38,285.0
61055,2,51.5,93.31,213.5
61057,1,72.0,108.79,290.0
61061,1,21.0,58.7,247.0
61062,1,43.0,61.76,217.0
61064,1,77.0,137.13,267.0
61065,1,34.0,49.34,123.0
61066,1,114.0,155.46,300.0
61068,1,92.0,145.04,279.0
61069,1,764.0,894.95,1104.0
61071,1,76.0,99.43,143.0
61072,1,120.0,152.48,323.0
61073,1,52.0,95.49,225.0
61079,1,79.0,110.16,325.0
61083,1,33.0,60.45,178.0
61090,1,84.0,118.55,269.0
61095,1,69.0,108.35,265.0
61098,1,97.0,150.37,334.0
61100,1,95.0,133.75,251.0
61101,1,597.0,705.15,808.0
61109,1,47.0,86.07,226.0
61123,2,44.5,58.47,114.0
61127,1,41.0,79.82,230.0
61128,1,67.0,93.56,258.0
61131,1,713.0,829.78,1046.0
61133,1,3.0,28.63,148.0
61136,2,45.0,76.35,174.5
61137,1,67.0,103.54,238.0
61138,2,43.5,68.66499999999999,211.5
61140,1,46.0,93.64,220.0
61144,1,0.0,5.46,51.0
61145,2,69.0,101.94999999999999,287.5
61152,1,28.0,52.64,202.0
61153,1,0.0,20.16,97.0
61157,1,85.0,111.5,305.0
61158,1,81.0,141.73,303.0
61159,1,0.0,15.77,136.0
61160,2,33.0,68.17,160.5
61162,2,46.5,104.57,282.5
61166,1,9.0,17.29,26.0
61169,1,14.0,28.48,86.0
61173,1,0.0,3.41,7.0
61180,1,19.0,29.2,53.0
61182,1,13.0,42.69,239.0
61185,1,141.0,177.16,254.0
61190,2,13.0,43.295,187.0
61192,1,0.0,9.87,69.0
61195,1,0.0,5.06,16.0
61197,1,29.0,71.44,224.0
61199,1,4.0,17.35,88.0
61202,1,0.0,7.79,74.0
61204,1,547.0,658.61,879.0
61209,1,42.0,88.48,239.0
61210,1,31.0,47.7,101.0
61211,1,39.0,97.53,235.0
61214,1,40.0,99.05,234.0
61215,1,10.0,36.88,133.0
61218,2,400.0,480.575,664.0
61219,1,68.0,92.77,262.0
61220,1,765.0,891.69,1096.0
61222,3,35.0,58.1,161.0
61224,1,48.0,78.23,169.0
61231,1,45.0,60.72,115.0
61235,1,97.0,126.8,292.0
61236,2,409.0,495.21500000000003,690.0
61238,1,79.0,104.48,233.0
61241,1,53.0,102.59,254.0
61243,1,102.0,165.85,385.0
61245,1,100.0,204.87,370.0
61246,1,61.0,147.8,330.0
61248,1,54.0,118.24,322.0
61251,1,109.0,156.21,440.0
61253,1,53.0,120.74,266.0
61254,1,39.0,63.99,208.0
61257,1,11.0,37.03,182.0
61260,1,106.0,161.01,210.0
61261,1,619.0,773.97,1049.0
61262,1,9.0,33.8,183.0
61282,1,26.0,56.61,238.0
61289,1,30.0,52.9,205.0
61297,1,62.0,109.49,244.0
61298,1,73.0,98.9,259.0
61303,1,42.0,52.54,128.0
61305,1,56.0,76.49,130.0
61307,1,48.0,65.58,114.0
61308,3,301.3333333333333,359.3766666666667,507.6666666666667
61309,1,29.0,50.13,161.0
61310,1,39.0,104.11,237.0
61320,1,26.0,44.34,132.0
61322,1,728.0,882.1,1096.0
61324,1,41.0,57.82,135.0
61325,1,120.0,174.41,341.0
61326,1,73.0,113.37,276.0
61327,1,92.0,142.02,310.0
61328,2,441.5,521.86,668.5
61329,2,133.0,198.095,365.0
61330,1,91.0,159.9,305.0
61333,1,86.0,134.92,304.0
61334,1,82.0,151.1,302.0
61335,1,133.0,185.96,389.0
61337,1,122.0,212.62,388.0
61341,1,76.0,146.59,347.0
61344,1,52.0,98.96,299.0
61353,1,20.0,43.24,157.0
61356,1,15.0,38.72,250.0
61364,1,0.0,24.17,192.0
61382,1,0.0,27.29,225.0
61393,1,0.0,30.41,218.0
61395,1,143.0,220.47,443.0
61397,1,149.0,251.82,436.0
61399,1,145.0,239.99,424.0
61404,1,66.0,100.44,311.0
61405,1,99.0,133.43,363.0
61406,1,135.0,173.04,353.0
61407,1,93.0,127.88,360.0
61408,2,799.5,988.165,1197.0
61412,1,60.0,104.23,254.0
61414,1,52.0,98.48,257.0
61415,2,446.5,559.835,813.5
61417,1,178.0,249.52,436.0
61418,1,43.0,65.56,243.0
61419,1,112.0,208.68,381.0
61420,1,138.0,193.61,367.0
61422,1,146.0,229.57,375.0
61423,1,150.0,235.96,379.0
61425,2,129.5,185.245,353.0
61427,1,119.0,207.9,371.0
61433,1,128.0,185.9,371.0
61434,2,43.0,71.15,279.5
61436,1,50.0,81.51,298.0
61441,1,103.0,145.32,321.0
61451,2,90.0,147.71,317.5
61488,1,881.0,1041.79,1245.0
61502,1,130.0,230.14,461.0
61505,1,60.0,105.32,347.0
61513,1,157.0,208.75,529.0
61587,1,217.0,311.01,538.0
61591,1,199.0,291.17,529.0
61592,1,199.0,300.22,527.0
